rule_id,description,target_tools,required_prior_tools_any,required_tools_anywhere,command_contains_any,question_focus,step_risk,require_any_prior_tool,verdict,reason_code,hint
VPR-01,Deploy container requires prior blueprint inspection,deploy_container,blueprint_get|blueprint_list,,,,,,rejected,deploy_missing_blueprint_validation,Fuege vor deploy_container einen blueprint_get- oder blueprint_list-Schritt zur Validierung des Ziel-Blueprints ein.
VPR-02,Risky exec requires prior container inspection,exec_in_container,container_inspect|container_list|container_logs,,rm -rf|curl | sh|shutdown -h now|mkfs,,,,rejected,exec_missing_container_inspection,Pruefe den Ziel-Container erst mit container_inspect/container_list/container_logs bevor du riskante exec_in_container-Kommandos planst.
VPR-03,Exact document questions need a direct workspace read,memory_semantic_search,,workspace_get,,exact,,,rejected,exact_lookup_missing_workspace_read,Bei exakten Dokumentfragen reicht memory_semantic_search allein nicht. Lies den konkreten Chunk direkt mit workspace_get.
VPR-04,Stopping a container requires prior container context,stop_container,container_inspect|container_list|container_logs,,,,,,rejected,stop_missing_container_context,Fuege vor stop_container einen container_list-, container_inspect- oder container_logs-Schritt ein, damit das Ziel klar bestimmt ist.
VPR-05,Blueprint mutation requires prior blueprint context,blueprint_update|blueprint_delete,blueprint_get|blueprint_list,,,,,,rejected,blueprint_mutation_missing_context,Pruefe den Ziel-Blueprint erst mit blueprint_get oder blueprint_list bevor du ihn aenderst oder loeschst.
VPR-06,Risky operational step must not be the first operational step,deploy_container|exec_in_container|stop_container|blueprint_delete,,,,,needs_confirmation,true,rejected,risky_step_missing_prior_context,Fuege vor einem riskanten operativen Schritt zuerst einen Kontext-, Read- oder Inspect-Schritt ein.
VPR-07,Workspace mutation requires prior workspace context,workspace_update|workspace_delete,workspace_get|workspace_list,,,,,,rejected,workspace_mutation_missing_context,Pruefe den Ziel-Workspace-Eintrag erst mit workspace_get oder workspace_list bevor du ihn aenderst oder loeschst.
VPR-08,Conversation metadata updates require prior metadata context,conversation_meta_upsert,conversation_meta_get,,,,,,rejected,conversation_meta_update_missing_context,Lade die vorhandene Conversation-Metadata zuerst mit conversation_meta_get bevor du sie ueberschreibst.
VPR-09,Secret deletion requires prior secret context,secret_delete,secret_list|secret_get,,,,,,rejected,secret_delete_missing_context,Pruefe das Ziel-Secret zuerst mit secret_list oder secret_get bevor du es loeschst.
